{
    "metrics": {
        "http_req_waiting": {
            "avg": 1693.088615172759,
            "min": 0,
            "med": 1984.8799,
            "max": 3467.3987,
            "p(90)": 2707.2568800000004,
            "p(95)": 2906.2443799999996
        },
        "vus_max": {
            "value": 2000,
            "min": 2000,
            "max": 2000
        },
        "data_sent": {
            "count": 1218386,
            "rate": 237115.11968194295
        },
        "iteration_duration": {
            "max": 4558.9597,
            "p(90)": 3777.92244,
            "p(95)": 3966.143659999999,
            "avg": 2785.963619829739,
            "min": 1051.9971,
            "med": 3051.1132
        },
        "http_req_failed": {
            "passes": 363,
            "fails": 1634,
            "value": 0.18177265898848272
        },
        "http_req_tls_handshaking": {
            "p(95)": 94.91755999999982,
            "avg": 39.52481697546322,
            "min": 0,
            "med": 30.9986,
            "max": 165.3802,
            "p(90)": 78.0301
        },
        "http_req_duration{expected_response:true}": {
            "max": 3467.3987,
            "p(90)": 2759.73383,
            "p(95)": 2951.27279,
            "avg": 2056.3007838433296,
            "min": 178.3553,
            "med": 2158.8706
        },
        "checks": {
            "passes": 1942,
            "fails": 22022,
            "value": 0.08103822400267068
        },
        "iterations": {
            "count": 1997,
            "rate": 388.64439841301527
        },
        "http_req_blocked": {
            "min": 0,
            "med": 60.3067,
            "max": 209.8013,
            "p(90)": 149.87516,
            "p(95)": 171.70919999999998,
            "avg": 74.4522087130695
        },
        "data_received": {
            "count": 20378486,
            "rate": 3965941.127710593
        },
        "http_reqs": {
            "rate": 388.64439841301527,
            "count": 1997
        },
        "http_req_duration": {
            "med": 1985.5583,
            "max": 3467.3987,
            "p(90)": 2708.4095400000006,
            "p(95)": 2906.7655799999998,
            "avg": 1694.3620453680523,
            "min": 0
        },
        "http_req_sending": {
            "p(90)": 0.9997400000000001,
            "p(95)": 1.0028,
            "avg": 0.4560321982974461,
            "min": 0,
            "med": 0,
            "max": 80.5862
        },
        "http_req_connecting": {
            "min": 1.9968,
            "med": 13.002,
            "max": 108.3267,
            "p(90)": 48.99968,
            "p(95)": 70.73895999999995,
            "avg": 20.728386179268934
        },
        "http_req_receiving": {
            "p(95)": 2.9968799999999995,
            "avg": 0.8173979969954929,
            "min": 0,
            "med": 0,
            "max": 56.0012,
            "p(90)": 1.0217
        },
        "vus": {
            "value": 143,
            "min": 143,
            "max": 1649
        }
    },
    "root_group": {
        "name": "",
        "path": "",
        "id": "d41d8cd98f00b204e9800998ecf8427e",
        "groups": {},
        "checks": {
                "200 OK": {
                    "passes": 1634,
                    "fails": 363,
                    "name": "200 OK",
                    "path": "::200 OK",
                    "id": "e9654c443eff553da9e69eda7007924e"
                },
                "201 Created": {
                    "path": "::201 Created",
                    "id": "728dcd977aae263ca314731145e1d447",
                    "passes": 0,
                    "fails": 1997,
                    "name": "201 Created"
                },
                "204 No Content": {
                    "id": "54fa3c2eda34e1622fda2da5e0479fc5",
                    "passes": 0,
                    "fails": 1997,
                    "name": "204 No Content",
                    "path": "::204 No Content"
                },
                "400 Bad Request": {
                    "id": "eeae81934b9b58bccaf0184a6d070338",
                    "passes": 0,
                    "fails": 1997,
                    "name": "400 Bad Request",
                    "path": "::400 Bad Request"
                },
                "401 Unauthorized": {
                    "path": "::401 Unauthorized",
                    "id": "6ae9254e6aefe7f0bafe5102fa7e20a5",
                    "passes": 0,
                    "fails": 1997,
                    "name": "401 Unauthorized"
                },
                "403 Forbidden": {
                    "name": "403 Forbidden",
                    "path": "::403 Forbidden",
                    "id": "655548b761742c5a7ad15aa7df3a5d9c",
                    "passes": 0,
                    "fails": 1997
                },
                "404 Not Found": {
                    "name": "404 Not Found",
                    "path": "::404 Not Found",
                    "id": "df1528f9925ca236bac51008f77b774a",
                    "passes": 0,
                    "fails": 1997
                },
                "429 Too Many Requests": {
                    "name": "429 Too Many Requests",
                    "path": "::429 Too Many Requests",
                    "id": "b810c35b9499cc7342fd415032e3a6aa",
                    "passes": 0,
                    "fails": 1997
                },
                "500 Internal Server Error": {
                    "id": "3cd96245b24e869810efe46d533b0eef",
                    "passes": 0,
                    "fails": 1997,
                    "name": "500 Internal Server Error",
                    "path": "::500 Internal Server Error"
                },
                "502 Bad Gateway": {
                    "passes": 308,
                    "fails": 1689,
                    "name": "502 Bad Gateway",
                    "path": "::502 Bad Gateway",
                    "id": "712cb0ec189a11f31f0d6d0c0031b569"
                },
                "503 Service Unavailable": {
                    "name": "503 Service Unavailable",
                    "path": "::503 Service Unavailable",
                    "id": "f1ea1a22be0dc738c385523a66ea1cd9",
                    "passes": 0,
                    "fails": 1997
                },
                "504 Gateway Timeout": {
                    "name": "504 Gateway Timeout",
                    "path": "::504 Gateway Timeout",
                    "id": "218efb729cb654723ccd57c6ebbebe29",
                    "passes": 0,
                    "fails": 1997
                }
            }
    }
}