{
    "metrics": {
        "http_req_duration{expected_response:true}": {
            "avg": 257.23292460000016,
            "min": 3.8666,
            "med": 229.1569,
            "max": 583.1127,
            "p(90)": 466.47416000000004,
            "p(95)": 527.9809650000001
        },
        "http_req_waiting": {
            "p(90)": 463.8223400000001,
            "p(95)": 525.9992,
            "avg": 254.45942069999992,
            "min": 3.1717,
            "med": 226.52965,
            "max": 583.1127
        },
        "iteration_duration": {
            "avg": 1662.4862908499992,
            "min": 1259.5894,
            "med": 1638.50845,
            "max": 1859.7045,
            "p(90)": 1807.3511,
            "p(95)": 1812.3497
        },
        "http_req_tls_handshaking": {
            "avg": 280.9458570499999,
            "min": 5.0018,
            "med": 239.90245,
            "max": 520.7587,
            "p(90)": 499.11057999999997,
            "p(95)": 508.75718
        },
        "http_req_receiving": {
            "med": 1.9646,
            "max": 32.7078,
            "p(90)": 4.99952,
            "p(95)": 6.9989,
            "avg": 2.47648564999999,
            "min": 0
        },
        "http_req_blocked": {
            "p(95)": 635.7579099999999,
            "avg": 401.93868870000057,
            "min": 132.0016,
            "med": 363.9992,
            "max": 650.3698,
            "p(90)": 627.0054
        },
        "data_sent": {
            "count": 1226000,
            "rate": 631844.7702734043
        },
        "vus_max": {
            "max": 2000,
            "value": 2000,
            "min": 2000
        },
        "vus": {
            "value": 2000,
            "min": 2000,
            "max": 2000
        },
        "checks": {
            "passes": 2000,
            "fails": 22000,
            "value": 0.08333333333333333
        },
        "http_reqs": {
            "count": 2000,
            "rate": 1030.741876465586
        },
        "http_req_duration": {
            "avg": 257.23292460000016,
            "min": 3.8666,
            "med": 229.1569,
            "max": 583.1127,
            "p(90)": 466.47416000000004,
            "p(95)": 527.9809650000001
        },
        "data_received": {
            "count": 20007592,
            "rate": 10311331.460818924
        },
        "iterations": {
            "count": 2000,
            "rate": 1030.741876465586
        },
        "http_req_failed": {
            "passes": 0,
            "fails": 2000,
            "value": 0
        },
        "http_req_sending": {
            "med": 0,
            "max": 15.9992,
            "p(90)": 1.0007,
            "p(95)": 1.0036,
            "avg": 0.29701824999999993,
            "min": 0
        },
        "http_req_connecting": {
            "med": 126,
            "max": 151,
            "p(90)": 130.00514,
            "p(95)": 133.00054,
            "avg": 118.23111855,
            "min": 44.9983
        }
    },
    "root_group": {
        "name": "",
        "path": "",
        "id": "d41d8cd98f00b204e9800998ecf8427e",
        "groups": {},
        "checks": {
                "200 OK": {
                    "fails": 0,
                    "name": "200 OK",
                    "path": "::200 OK",
                    "id": "e9654c443eff553da9e69eda7007924e",
                    "passes": 2000
                },
                "201 Created": {
                    "name": "201 Created",
                    "path": "::201 Created",
                    "id": "728dcd977aae263ca314731145e1d447",
                    "passes": 0,
                    "fails": 2000
                },
                "204 No Content": {
                    "fails": 2000,
                    "name": "204 No Content",
                    "path": "::204 No Content",
                    "id": "54fa3c2eda34e1622fda2da5e0479fc5",
                    "passes": 0
                },
                "400 Bad Request": {
                    "name": "400 Bad Request",
                    "path": "::400 Bad Request",
                    "id": "eeae81934b9b58bccaf0184a6d070338",
                    "passes": 0,
                    "fails": 2000
                },
                "401 Unauthorized": {
                    "name": "401 Unauthorized",
                    "path": "::401 Unauthorized",
                    "id": "6ae9254e6aefe7f0bafe5102fa7e20a5",
                    "passes": 0,
                    "fails": 2000
                },
                "403 Forbidden": {
                    "name": "403 Forbidden",
                    "path": "::403 Forbidden",
                    "id": "655548b761742c5a7ad15aa7df3a5d9c",
                    "passes": 0,
                    "fails": 2000
                },
                "404 Not Found": {
                    "path": "::404 Not Found",
                    "id": "df1528f9925ca236bac51008f77b774a",
                    "passes": 0,
                    "fails": 2000,
                    "name": "404 Not Found"
                },
                "429 Too Many Requests": {
                    "name": "429 Too Many Requests",
                    "path": "::429 Too Many Requests",
                    "id": "b810c35b9499cc7342fd415032e3a6aa",
                    "passes": 0,
                    "fails": 2000
                },
                "500 Internal Server Error": {
                    "fails": 2000,
                    "name": "500 Internal Server Error",
                    "path": "::500 Internal Server Error",
                    "id": "3cd96245b24e869810efe46d533b0eef",
                    "passes": 0
                },
                "502 Bad Gateway": {
                    "id": "712cb0ec189a11f31f0d6d0c0031b569",
                    "passes": 0,
                    "fails": 2000,
                    "name": "502 Bad Gateway",
                    "path": "::502 Bad Gateway"
                },
                "503 Service Unavailable": {
                    "name": "503 Service Unavailable",
                    "path": "::503 Service Unavailable",
                    "id": "f1ea1a22be0dc738c385523a66ea1cd9",
                    "passes": 0,
                    "fails": 2000
                },
                "504 Gateway Timeout": {
                    "name": "504 Gateway Timeout",
                    "path": "::504 Gateway Timeout",
                    "id": "218efb729cb654723ccd57c6ebbebe29",
                    "passes": 0,
                    "fails": 2000
                }
            }
    }
}